"0","library(DESeq2)
"
"2","Loading required package: S4Vectors
"
"2","Loading required package: stats4
"
"2","Loading required package: BiocGenerics
"
"2","Loading required package: parallel
"
"2","
Attaching package: ‘BiocGenerics’

"
"2","The following objects are masked from ‘package:parallel’:

    clusterApply, clusterApplyLB, clusterCall, clusterEvalQ, clusterExport, clusterMap, parApply,
    parCapply, parLapply, parLapplyLB, parRapply, parSapply, parSapplyLB

"
"2","The following objects are masked from ‘package:stats’:

    IQR, mad, xtabs

"
"2","The following objects are masked from ‘package:base’:

    anyDuplicated, append, as.data.frame, cbind, colnames, do.call, duplicated, eval, evalq, Filter,
    Find, get, grep, grepl, intersect, is.unsorted, lapply, lengths, Map, mapply, match, mget, order,
    paste, pmax, pmax.int, pmin, pmin.int, Position, rank, rbind, Reduce, rownames, sapply, setdiff,
    sort, table, tapply, union, unique, unsplit, which, which.max, which.min

"
"2","
Attaching package: ‘S4Vectors’

"
"2","The following objects are masked from ‘package:base’:

    colMeans, colSums, expand.grid, rowMeans, rowSums

"
"2","Loading required package: IRanges
"
"2","Loading required package: GenomicRanges
"
"2","Loading required package: GenomeInfoDb
"
"2","Loading required package: SummarizedExperiment
"
"2","Loading required package: Biobase
"
"2","Welcome to Bioconductor

    Vignettes contain introductory material; view with 'browseVignettes()'. To cite Bioconductor, see
    'citation(""Biobase"")', and for packages 'citation(""pkgname"")'.

"
"2","Loading required package: Rcpp
"
"2","Loading required package: RcppArmadillo
"
